seq,candidate_name,filename,affidavit_id,size_mb,other_affidavit_count,other_affidavits
1,AAHIR DEEPAK CHAUDHARYY,001_AAHIR_DEEPAK_CHAUDHARYY__486.pdf,486,3.17,0,
2,AAKASH GOEL,002_AAKASH_GOEL__44.pdf,44,7.44,0,
3,AALEY MOHAMMED IQBAL,003_AALEY_MOHAMMED_IQBAL__2011.pdf,2011,4.66,1,AALEY_MOHAMMED_IQBAL__1897.pdf
4,ABDUL REHMAN,004_ABDUL_REHMAN__1900.pdf,1900,3.68,1,ABDUL_REHMAN__885.pdf
5,ABDUL ZABBAR,005_ABDUL_ZABBAR__1069.pdf,1069,7.7,0,
6,ABHAY VERMA,006_ABHAY_VERMA__136.pdf,136,9.23,0,
7,ABHA JHA,007_ABHA_JHA__767.pdf,767,5.14,1,ABHA_JHA__1510.pdf
8,ABHISHEK,008_ABHISHEK__672.pdf,672,4.02,1,ABHISHEK__1132.pdf
9,ABHISHEK DUTT,009_ABHISHEK_DUTT__1283.pdf,1283,5.51,0,
10,ABHISHEK KUMAR SINGH  MASTER JI,010_ABHISHEK_KUMAR_SINGH__MASTER_JI__322.pdf,322,6.12,0,
11,ABRAR,011_ABRAR__1084.pdf,1084,1.86,0,
12,ADARSH SHASTRI,012_ADARSH_SHASTRI__831.pdf,831,3.08,1,ADARSH_SHASTRI__832.pdf
13,ADEEL AHMAD KHAN,013_ADEEL_AHMAD_KHAN__981.pdf,981,7.26,2,ADEEL_AHMAD_KHAN__736.pdf; ADEEL_AHMAD_KHAN__742.pdf
14,ADVOCATE MEHAK DOGRA,014_ADVOCATE_MEHAK_DOGRA__1769.pdf,1769,4.02,0,
15,AFSANA SARWAR,015_AFSANA_SARWAR__1221.pdf,1221,3.68,0,
16,AJAY KUMAR,016_AJAY_KUMAR__1932.pdf,1932,2.96,0,
17,AJAY KUMAR SINGH,017_AJAY_KUMAR_SINGH__1355.pdf,1355,4.01,0,
18,AJAY MAHAWAR,018_AJAY_MAHAWAR__746.pdf,746,4.28,1,AJAY_MAHAWAR__216.pdf
19,AJAY SINGH NEGI,019_AJAY_SINGH_NEGI__57.pdf,57,5.67,0,
20,AJESH YADAV,020_AJESH_YADAV__122.pdf,122,3.35,0,
21,AKESHAN DUT,021_AKESHAN_DUT__1075.pdf,1075,9.72,0,
22,AKHILESH PATI TRIPATHI,022_AKHILESH_PATI_TRIPATHI__1679.pdf,1679,8.44,3,AKHILESH_PATI_TRIPATHI__329.pdf; AKHILESH_PATI_TRIPATHI__1673.pdf; AKHILESH_PATI_TRIPATHI__1666.pdf
23,AKSHAY KUMAR,023_AKSHAY_KUMAR__1170.pdf,1170,6.56,1,AKSHAY_KUMAR__1278.pdf
24,ALI MEHDI,024_ALI_MEHDI__806.pdf,806,5.56,3,ALI_MEHDI__809.pdf; ALI_MEHDI__800.pdf; ALI_MEHDI__798.pdf
25,ALKA LAMBA,025_ALKA_LAMBA__79.pdf,79,8.64,0,
26,ALTAF AHMAD,026_ALTAF_AHMAD__820.pdf,820,10.17,0,
27,AMANATULLAH KHAN,027_AMANATULLAH_KHAN__697.pdf,697,7.37,2,AMANATULLAH_KHAN__695.pdf; AMANATULLAH_KHAN__650.pdf
28,AMAN SAINI,028_AMAN_SAINI__1042.pdf,1042,4.83,0,
29,AMARDEEP,029_AMARDEEP__1225.pdf,1225,6.88,0,
30,AMARJEET PRASAD,030_AMARJEET_PRASAD__1232.pdf,1232,7.73,0,
31,AMAR NATH,031_AMAR_NATH__1838.pdf,1838,3.84,0,
32,AMAR SINGH,032_AMAR_SINGH__536.pdf,536,4.16,0,
33,AMIT KUMAR SHARMA,033_AMIT_KUMAR_SHARMA__1540.pdf,1540,3.2,0,
34,AMIT SAINI,034_AMIT_SAINI__1353.pdf,1353,4.04,0,
35,AMJAD HASAN,035_AMJAD_HASAN__882.pdf,882,5.05,0,
36,AMRINA,036_AMRINA__1229.pdf,1229,3.95,0,
37,ANDEEP DRALL,037_ANDEEP_DRALL__1393.pdf,1393,4.66,0,
38,ANIL BHARDWAJ,038_ANIL_BHARDWAJ__1498.pdf,1498,0.57,3,ANIL_BHARDWAJ__1496.pdf; ANIL_BHARDWAJ__1484.pdf; ANIL_BHARDWAJ__1493.pdf
39,ANIL JHA,039_ANIL_JHA__588.pdf,588,9.22,3,ANIL_JHA__574.pdf; ANIL_JHA__576.pdf; ANIL_JHA__554.pdf
40,ANIL KAPOOR,040_ANIL_KAPOOR__1575.pdf,1575,4.57,0,
41,ANIL KUMAR,041_ANIL_KUMAR__947.pdf,947,10.02,8,ANIL_KUMAR__1921.pdf; ANIL_KUMAR__1480.pdf; ANIL_KUMAR__1490.pdf; ANIL_KUMAR__1494.pdf; ANIL_KUMAR__903.pdf; ANIL_KUMAR__787.pdf; ANIL_KUMAR__942.pdf; ANIL_KUMAR__426.pdf
42,ANIL KUMAR SHARMA,042_ANIL_KUMAR_SHARMA__592.pdf,592,8.11,3,ANIL_KUMAR_SHARMA__587.pdf; ANIL_KUMAR_SHARMA__589.pdf; ANIL_KUMAR_SHARMA__583.pdf
43,ANIL KUMAR SHARMA  GAUR,043_ANIL_KUMAR_SHARMA__GAUR__924.pdf,924,2.48,1,ANIL_KUMAR_SHARMA__GAUR__350.pdf
44,ANIL KUMAR SINGH,044_ANIL_KUMAR_SINGH__523.pdf,523,5.26,0,
45,ANIL KUMAR VASHISHT,045_ANIL_KUMAR_VASHISHT__1561.pdf,1561,3.24,1,ANIL_KUMAR_VASHISHT__1100.pdf
46,ANIL SINGH,046_ANIL_SINGH__768.pdf,768,3.17,0,
47,ANIMA OJHA,047_ANIMA_OJHA__13.pdf,13,5.5,0,
48,ANITA,048_ANITA__2017.pdf,2017,3.92,0,
49,ANITA BANSAL,049_ANITA_BANSAL__50.pdf,50,4.03,0,
50,ANJANA PARCHA,050_ANJANA_PARCHA__811.pdf,811,8.2,1,ANJANA_PARCHA__803.pdf
51,ANURADHA RANA,051_ANURADHA_RANA__1825.pdf,1825,3.42,0,
52,ANURAG KUMAR,052_ANURAG_KUMAR__45.pdf,45,6.47,0,
53,ARAVENDRA KUMAR,053_ARAVENDRA_KUMAR__1117.pdf,1117,1.82,0,
54,ARIBA KHAN,054_ARIBA_KHAN__434.pdf,434,9.67,2,ARIBA_KHAN__448.pdf; ARIBA_KHAN__455.pdf
55,ARJUN SINGH BHADANA,055_ARJUN_SINGH_BHADANA__1246.pdf,1246,2.84,1,ARJUN_SINGH_BHADANA__1238.pdf
56,ARUN,056_ARUN__1524.pdf,1524,1.0,0,
57,ARUNA,057_ARUNA__476.pdf,476,5.81,0,
58,ARUN KUMAR,058_ARUN_KUMAR__1112.pdf,1112,2.92,0,
59,ARUN KUMAR SHARMA,059_ARUN_KUMAR_SHARMA__1349.pdf,1349,2.8,0,
60,ARVINDER SINGH LOVELY,060_ARVINDER_SINGH_LOVELY__703.pdf,703,7.42,2,ARVINDER_SINGH_LOVELY__719.pdf; ARVINDER_SINGH_LOVELY__715.pdf
61,ARVIND KEJRIWAL,061_ARVIND_KEJRIWAL__1057.pdf,1057,9.48,3,ARVIND_KEJRIWAL__341.pdf; ARVIND_KEJRIWAL__340.pdf; ARVIND_KEJRIWAL__1078.pdf
62,ARVIND KUMAR,062_ARVIND_KUMAR__437.pdf,437,6.04,0,
63,ARVIND KUMAR PANDEY,063_ARVIND_KUMAR_PANDEY__235.pdf,235,6.78,0,
64,ASHA CHAUDHARY,064_ASHA_CHAUDHARY__1426.pdf,1426,1.62,0,
65,ASHA KAMBLE,065_ASHA_KAMBLE__1628.pdf,1628,5.16,0,
66,ASHA RANI,066_ASHA_RANI__150.pdf,150,5.61,0,
67,ASHISH KUMAR,067_ASHISH_KUMAR__1941.pdf,1941,5.51,0,
68,ASHISH SOOD,068_ASHISH_SOOD__96.pdf,96,7.67,4,ASHISH_SOOD__95.pdf; ASHISH_SOOD__790.pdf; ASHISH_SOOD__1834.pdf; ASHISH_SOOD__793.pdf
69,ASHOK AGARWAL,069_ASHOK_AGARWAL__850.pdf,850,9.5,0,
70,ASHOK AGYANI,070_ASHOK_AGYANI__37.pdf,37,1.13,0,
71,ASHOK BAMBANI,071_ASHOK_BAMBANI__1722.pdf,1722,9.99,0,
72,ASHOK GOEL,072_ASHOK_GOEL__713.pdf,713,4.55,3,ASHOK_GOEL__352.pdf; ASHOK_GOEL__1782.pdf; ASHOK_GOEL__1778.pdf
73,ASHOK JAIN,073_ASHOK_JAIN__1369.pdf,1369,4.48,0,
74,ASHOK JINDAL,074_ASHOK_JINDAL__880.pdf,880,3.25,0,
75,ASHOK KUMAR,075_ASHOK_KUMAR__1466.pdf,1466,8.65,4,ASHOK_KUMAR__1346.pdf; ASHOK_KUMAR__1664.pdf; ASHOK_KUMAR__828.pdf; ASHOK_KUMAR__1404.pdf
76,ASHOK KUMAR GAUTAM,076_ASHOK_KUMAR_GAUTAM__505.pdf,505,6.44,0,
77,ASHOK SURANA,077_ASHOK_SURANA__410.pdf,410,7.71,0,
78,ASIM AHMED KHAN,078_ASIM_AHMED_KHAN__1855.pdf,1855,4.61,0,
79,ASMITA,079_ASMITA__618.pdf,618,4.84,0,
80,ATISHI,080_ATISHI__51.pdf,51,5.42,0,
81,ATUL KUMAR,081_ATUL_KUMAR__412.pdf,412,5.65,0,
82,AVADH OJHA,082_AVADH_OJHA__923.pdf,923,7.11,1,AVADH_OJHA__1573.pdf
83,AVINASH GUPTA,083_AVINASH_GUPTA__160.pdf,160,7.65,1,AVINASH_GUPTA__168.pdf
84,AWDHESH KUMAR JHA,084_AWDHESH_KUMAR_JHA__1819.pdf,1819,2.64,0,
85,AYASHA KHATOON,085_AYASHA_KHATOON__1302.pdf,1302,4.98,0,
86,AYUSH GUPTA,086_AYUSH_GUPTA__451.pdf,451,8.72,0,
87,A DHANWATI CHANDELA A,087_A_DHANWATI_CHANDELA_A__1464.pdf,1464,8.65,3,A_DHANWATI_CHANDELA_A__1475.pdf; A_DHANWATI_CHANDELA_A__1487.pdf; A_DHANWATI_CHANDELA_A__1455.pdf
88,BABITA,088_BABITA__29.pdf,29,6.23,1,BABITA__743.pdf
89,BABU LAL,089_BABU_LAL__799.pdf,799,8.08,1,BABU_LAL__1135.pdf
90,BACHAN RAM,090_BACHAN_RAM__559.pdf,559,4.38,0,
91,BAJRANG SHUKLA,091_BAJRANG_SHUKLA__519.pdf,519,5.86,1,BAJRANG_SHUKLA__215.pdf
92,BALYOGI BABA BALAKNATH,092_BALYOGI_BABA_BALAKNATH__647.pdf,647,4.52,0,
93,BANDANA KUMARI,093_BANDANA_KUMARI__653.pdf,653,6.86,1,BANDANA_KUMARI__662.pdf
94,BHAGWAN DASS,094_BHAGWAN_DASS__1816.pdf,1816,3.89,0,
95,BHARAT SINGH,095_BHARAT_SINGH__1391.pdf,1391,3.54,0,
96,BHAVISH DHANKAR,096_BHAVISH_DHANKAR__1401.pdf,1401,1.34,0,
97,BHAWANA,097_BHAWANA__1447.pdf,1447,6.09,0,
98,BHAWANA BOTHRA,098_BHAWANA_BOTHRA__1380.pdf,1380,3.82,0,
99,BHISHAM SHARMA,099_BHISHAM_SHARMA__1759.pdf,1759,3.06,0,
100,BHUPENDER YADAV,100_BHUPENDER_YADAV__1247.pdf,1247,9.85,0,
101,BHUVAN TANWAR,101_BHUVAN_TANWAR__1424.pdf,1424,1.29,3,BHUVAN_TANWAR__1390.pdf; BHUVAN_TANWAR__1406.pdf; BHUVAN_TANWAR__1276.pdf
102,BIJENDER,102_BIJENDER__936.pdf,936,5.76,0,
103,BIJENDER KUMAR,103_BIJENDER_KUMAR__1244.pdf,1244,8.01,0,
104,BINDU KUMAR,104_BINDU_KUMAR__860.pdf,860,7.92,0,
105,BIR SAIN,105_BIR_SAIN__1263.pdf,1263,6.97,0,
106,BRAHM SINGH TANWAR,106_BRAHM_SINGH_TANWAR__1382.pdf,1382,5.19,0,
107,BRIJPAL,107_BRIJPAL__1195.pdf,1195,3.26,0,
108,BRIJ LAL,108_BRIJ_LAL__1414.pdf,1414,4.4,0,
109,BUDIYA,109_BUDIYA__1687.pdf,1687,6.51,0,
110,B B TYAGI,110_B_B_TYAGI__387.pdf,387,4.53,0,
111,CA SOHARSH GULGULIA JAIN,111_CA_SOHARSH_GULGULIA_JAIN__2013.pdf,2013,0.58,0,
112,CHAMAN LAL,112_CHAMAN_LAL__1396.pdf,1396,4.35,0,
113,CHAMAN LAL VERMA,113_CHAMAN_LAL_VERMA__785.pdf,785,4.55,0,
114,CHANDAN KUMAR CHOUDHARY,114_CHANDAN_KUMAR_CHOUDHARY__1107.pdf,1107,3.79,0,
115,CHANDER PAL,115_CHANDER_PAL__339.pdf,339,9.32,0,
116,CHARANJEET KAUR,116_CHARANJEET_KAUR__1317.pdf,1317,8.31,0,
117,CHARAN SINGH MALIYAN,117_CHARAN_SINGH_MALIYAN__36.pdf,36,7.75,1,CHARAN_SINGH_MALIYAN__20.pdf
118,CHAUDHARY ZUBAIR AHMAD,118_CHAUDHARY_ZUBAIR_AHMAD__925.pdf,925,3.17,3,CHAUDHARY_ZUBAIR_AHMAD__35.pdf; CHAUDHARY_ZUBAIR_AHMAD__926.pdf; CHAUDHARY_ZUBAIR_AHMAD__34.pdf
119,CHUNNI LAL,119_CHUNNI_LAL__745.pdf,745,8.25,0,
120,COL DEVINDER KUMAR SEHRAWAT,120_COL_DEVINDER_KUMAR_SEHRAWAT__368.pdf,368,3.2,0,
121,DANVEER VIDYALANKAR,121_DANVEER_VIDYALANKAR__1045.pdf,1045,5.09,0,
122,DARSAN SINGH,122_DARSAN_SINGH__1507.pdf,1507,3.52,0,
123,DAYA RAM GURJAR,123_DAYA_RAM_GURJAR__399.pdf,399,3.64,0,
124,DEEPAK CHAWLA,124_DEEPAK_CHAWLA__1114.pdf,1114,5.73,0,
125,DEEPAK KAPILA,125_DEEPAK_KAPILA__1061.pdf,1061,6.69,0,
126,DEEPAK KUMAR,126_DEEPAK_KUMAR__454.pdf,454,8.48,3,DEEPAK_KUMAR__1535.pdf; DEEPAK_KUMAR__1167.pdf; DEEPAK_KUMAR__1886.pdf
127,DEEPAK PANDEY,127_DEEPAK_PANDEY__408.pdf,408,5.74,0,
128,DEEPAK RAWAT,128_DEEPAK_RAWAT__1289.pdf,1289,2.73,0,
129,DEEPAK SINGHAL,129_DEEPAK_SINGHAL__1115.pdf,1115,3.27,0,
130,DEEPAK TANWAR,130_DEEPAK_TANWAR__1743.pdf,1743,4.51,0,
131,DEEPA DEVI,131_DEEPA_DEVI__1636.pdf,1636,5.19,0,
132,DEEPTI INDORA,132_DEEPTI_INDORA__324.pdf,324,7.79,1,DEEPTI_INDORA__1903.pdf
133,DEVENDER KUMAR,133_DEVENDER_KUMAR__108.pdf,108,7.27,0,
134,DEVENDER KUMAR YADAV,134_DEVENDER_KUMAR_YADAV__568.pdf,568,2.7,0,
135,DEVENDER YADAV,135_DEVENDER_YADAV__100.pdf,100,9.99,0,
136,DEVENDRA BHAIYA,136_DEVENDRA_BHAIYA__997.pdf,997,7.09,0,
137,DEVIKA,137_DEVIKA__1753.pdf,1753,5.61,0,
138,DHARAMPAL LAKRA,138_DHARAMPAL_LAKRA__1565.pdf,1565,7.69,0,
139,DHARAMVEER,139_DHARAMVEER__1395.pdf,1395,6.74,0,
140,DHARAMVIR SINGH,140_DHARAMVIR_SINGH__729.pdf,729,7.26,0,
141,DHARAM PAL,141_DHARAM_PAL__1440.pdf,1440,7.56,0,
142,DHARAM PAL CHANDELA,142_DHARAM_PAL_CHANDELA__263.pdf,263,7.91,2,DHARAM_PAL_CHANDELA__257.pdf; DHARAM_PAL_CHANDELA__261.pdf
143,DHARAM RAKSHAK ALIAS RAKESH JATAV,143_DHARAM_RAKSHAK_ALIAS_RAKESH_JATAV__360.pdf,360,9.01,3,DHARAM_RAKSHAK_ALIAS_RAKESH_JATAV__358.pdf; DHARAM_RAKSHAK_ALIAS_RAKESH_JATAV__379.pdf; DHARAM_RAKSHAK_ALIAS_RAKESH_JATAV__357.pdf
144,DHARAM VEER,144_DHARAM_VEER__1786.pdf,1786,4.92,0,
145,DHARMENDER,145_DHARMENDER__64.pdf,64,7.5,0,
146,DHARMINDRA KUMAR KAIM,146_DHARMINDRA_KUMAR_KAIM__1048.pdf,1048,7.97,0,
147,DHEERAJ KUMAR,147_DHEERAJ_KUMAR__765.pdf,765,8.87,0,
148,DHURVA KUMAR,148_DHURVA_KUMAR__33.pdf,33,4.94,0,
149,DIBLU SINGH,149_DIBLU_SINGH__864.pdf,864,9.3,0,
150,DILIP BANERJEE,150_DILIP_BANERJEE__1450.pdf,1450,6.25,0,
151,DILIP KUMAR,151_DILIP_KUMAR__748.pdf,748,5.49,0,
152,DILIP KUMAR SHARMA,152_DILIP_KUMAR_SHARMA__760.pdf,760,9.19,0,
153,DINESH KUMAR SAH,153_DINESH_KUMAR_SAH__1823.pdf,1823,9.52,1,DINESH_KUMAR_SAH__1821.pdf
154,DINESH MOHANIYA,154_DINESH_MOHANIYA__230.pdf,230,8.46,0,
155,DINESH TANWAR,155_DINESH_TANWAR__1332.pdf,1332,4.27,1,DINESH_TANWAR__824.pdf
156,DR ANIL GOYAL,156_DR_ANIL_GOYAL__1291.pdf,1291,6.36,3,DR_ANIL_GOYAL__478.pdf; DR_ANIL_GOYAL__1288.pdf; DR_ANIL_GOYAL__487.pdf
157,DR  ABHILASHA,157_DR__ABHILASHA__976.pdf,976,6.61,0,
158,DR  AJAY DUTT,158_DR__AJAY_DUTT__1555.pdf,1555,9.22,2,DR__AJAY_DUTT__394.pdf; DR__AJAY_DUTT__593.pdf
159,DR  BHUPENDRA CHAURASIYA,159_DR__BHUPENDRA_CHAURASIYA__671.pdf,671,9.85,0,
160,DR  MUNISH KUMAR RAIZADA,160_DR__MUNISH_KUMAR_RAIZADA__873.pdf,873,3.57,0,
161,DR  P K  MISHRA,161_DR__P_K__MISHRA__655.pdf,655,5.86,1,DR__P_K__MISHRA__1087.pdf
162,DUGGIRALA NAGESWARA RAO,162_DUGGIRALA_NAGESWARA_RAO__1325.pdf,1325,4.04,0,
163,DURGESH PATHAK,163_DURGESH_PATHAK__1796.pdf,1796,2.54,3,DURGESH_PATHAK__1797.pdf; DURGESH_PATHAK__889.pdf; DURGESH_PATHAK__888.pdf
164,DUSHYANT GAUTAM,164_DUSHYANT_GAUTAM__268.pdf,268,3.5,3,DUSHYANT_GAUTAM__276.pdf; DUSHYANT_GAUTAM__115.pdf; DUSHYANT_GAUTAM__277.pdf
165,DUSHYANT THAKUR,165_DUSHYANT_THAKUR__851.pdf,851,3.61,0,
166,FARHAD SURI,166_FARHAD_SURI__946.pdf,946,7.2,3,FARHAD_SURI__944.pdf; FARHAD_SURI__945.pdf; FARHAD_SURI__910.pdf
167,FIRDOS ALAM,167_FIRDOS_ALAM__188.pdf,188,4.63,0,
168,FIRDOUS AHMAD,168_FIRDOUS_AHMAD__1849.pdf,1849,4.33,0,
169,GAJENDER DRALL,169_GAJENDER_DRALL__555.pdf,555,8.99,0,
170,GAJENDER SINGH YADAV,170_GAJENDER_SINGH_YADAV__69.pdf,69,7.48,3,GAJENDER_SINGH_YADAV__1348.pdf; GAJENDER_SINGH_YADAV__1328.pdf; GAJENDER_SINGH_YADAV__71.pdf
171,GANDHI GAUTAM,171_GANDHI_GAUTAM__48.pdf,48,6.64,0,
172,GANGA RAM,172_GANGA_RAM__1613.pdf,1613,6.29,0,
173,GARVIT SINGHVI,173_GARVIT_SINGHVI__571.pdf,571,7.58,1,GARVIT_SINGHVI__1067.pdf
174,GAURAV SHARMA,174_GAURAV_SHARMA__708.pdf,708,4.69,1,GAURAV_SHARMA__1791.pdf
175,GAURI SHANKAR,175_GAURI_SHANKAR__402.pdf,402,7.37,1,GAURI_SHANKAR__1101.pdf
176,GAUTAM SINGH BIHARI,176_GAUTAM_SINGH_BIHARI__371.pdf,371,5.08,0,
177,GEETA,177_GEETA__199.pdf,199,6.46,0,
178,GOPAL KUMAR SINHA,178_GOPAL_KUMAR_SINHA__1036.pdf,1036,2.88,0,
179,GOPAL PRASAD,179_GOPAL_PRASAD__1558.pdf,1558,10.12,0,
180,GOPAL RAI,180_GOPAL_RAI__640.pdf,640,0.55,3,GOPAL_RAI__643.pdf; GOPAL_RAI__987.pdf; GOPAL_RAI__1054.pdf
181,GOURAV BOTHRA,181_GOURAV_BOTHRA__6.pdf,6,0.86,0,
182,GULAB SINGHAL,182_GULAB_SINGHAL__1590.pdf,1590,4.87,0,
183,GULFAM,183_GULFAM__1497.pdf,1497,7.71,0,
184,GULSHAN BHARTI,184_GULSHAN_BHARTI__4.pdf,4,8.87,0,
185,GURCHARAN SINGH  RAJU,185_GURCHARAN_SINGH__RAJU__220.pdf,220,8.32,0,
186,GURMEET SINGH,186_GURMEET_SINGH__1408.pdf,1408,6.47,0,
187,G  THULASEEDHARAN,187_G__THULASEEDHARAN__1149.pdf,1149,7.67,0,
188,HAIDER ALI,188_HAIDER_ALI__784.pdf,784,2.46,0,
189,HAMMAD KHAN,189_HAMMAD_KHAN__484.pdf,484,8.82,0,
190,HANSA,190_HANSA__1360.pdf,1360,2.52,0,
191,HANUMAN SAHAY ALIAS HANUMAN CHAUHAN,191_HANUMAN_SAHAY_ALIAS_HANUMAN_CHAUHAN__1644.pdf,1644,10.03,0,
192,HARBANI KAUR,192_HARBANI_KAUR__843.pdf,843,9.92,0,
193,HARISH,193_HARISH__113.pdf,113,7.14,0,
194,HARISH KHURANA,194_HARISH_KHURANA__956.pdf,956,6.62,2,HARISH_KHURANA__427.pdf; HARISH_KHURANA__955.pdf
195,HARI KISHAN MECHANIC,195_HARI_KISHAN_MECHANIC__54.pdf,54,8.7,0,
196,HARI RAM,196_HARI_RAM__533.pdf,533,5.08,0,
197,HAROON YUSUF,197_HAROON_YUSUF__468.pdf,468,2.37,0,
198,HARSHAD CHADHA,198_HARSHAD_CHADHA__648.pdf,648,8.01,0,
199,HARSH CHOUDHARY,199_HARSH_CHOUDHARY__540.pdf,540,9.57,0,
200,HEERA LAL,200_HEERA_LAL__750.pdf,750,4.8,0,
201,HIRA LAL,201_HIRA_LAL__1610.pdf,1610,7.76,0,
202,HIRA LAL SAH,202_HIRA_LAL_SAH__10.pdf,10,3.25,0,
203,H M  HASHIM MALIK,203_H_M__HASHIM_MALIK__1159.pdf,1159,8.02,2,H_M__HASHIM_MALIK__893.pdf; H_M__HASHIM_MALIK__124.pdf
204,IMRAN HUSSAIN,204_IMRAN_HUSSAIN__271.pdf,271,3.29,3,IMRAN_HUSSAIN__272.pdf; IMRAN_HUSSAIN__242.pdf; IMRAN_HUSSAIN__275.pdf
205,IMRAN SAIFI,205_IMRAN_SAIFI__1313.pdf,1313,3.01,0,
206,IQBAL AHMED SIDDIQUI,206_IQBAL_AHMED_SIDDIQUI__1378.pdf,1378,3.07,0,
207,ISHWAR CHAND,207_ISHWAR_CHAND__840.pdf,840,5.24,0,
208,ISHWAR SINGH,208_ISHWAR_SINGH__1103.pdf,1103,6.26,0,
209,ISLAM ALI,209_ISLAM_ALI__327.pdf,327,2.95,0,
210,ISLAUDDIN,210_ISLAUDDIN__1859.pdf,1859,3.01,0,
211,ISMAIL,211_ISMAIL__1116.pdf,1116,4.2,0,
212,JAGAT SINGH,212_JAGAT_SINGH__1003.pdf,1003,6.11,0,
213,JAGDEESH PRASAD,213_JAGDEESH_PRASAD__1361.pdf,1361,2.87,0,
214,JAGDISH,214_JAGDISH__105.pdf,105,4.8,0,
215,JAGDISH CHAND,215_JAGDISH_CHAND__388.pdf,388,3.24,0,
216,JAGDISH KUMAR GARG,216_JAGDISH_KUMAR_GARG__46.pdf,46,9.68,0,
217,JAGDISH KUMAR VERMA,217_JAGDISH_KUMAR_VERMA__107.pdf,107,8.75,0,
218,JAGDISH OJHA,218_JAGDISH_OJHA__1468.pdf,1468,6.26,0,
219,JAI BHAGWAN,219_JAI_BHAGWAN__1661.pdf,1661,3.52,0,
220,JAI BHAGWAN UPKAR,220_JAI_BHAGWAN_UPKAR__198.pdf,198,4.57,0,
221,JAI KISHAN,221_JAI_KISHAN__362.pdf,362,6.87,2,JAI_KISHAN__372.pdf; JAI_KISHAN__1436.pdf
222,JAI PAL,222_JAI_PAL__103.pdf,103,3.44,0,
223,JAI PRAKASH,223_JAI_PRAKASH__211.pdf,211,4.71,0,
224,JALANDHAR PANDIT,224_JALANDHAR_PANDIT__541.pdf,541,3.1,0,
225,JAMALUDDIN,225_JAMALUDDIN__1039.pdf,1039,6.88,0,
226,JARNAIL SINGH,226_JARNAIL_SINGH__250.pdf,250,6.68,0,
227,JASBIR KARALA,227_JASBIR_KARALA__70.pdf,70,4.36,0,
228,JAYA RAMAN,228_JAYA_RAMAN__1701.pdf,1701,5.63,0,
229,JITANDER SINGH,229_JITANDER_SINGH__1392.pdf,1392,4.52,0,
230,JITENDER,230_JITENDER__1429.pdf,1429,1.88,0,
231,JITENDER KUMAR,231_JITENDER_KUMAR__1098.pdf,1098,1.58,0,
232,JITENDER KUMAR KOCHAR,232_JITENDER_KUMAR_KOCHAR__1323.pdf,1323,8.08,1,JITENDER_KUMAR_KOCHAR__608.pdf
233,JITENDER MAHAJAN,233_JITENDER_MAHAJAN__159.pdf,159,10.17,3,JITENDER_MAHAJAN__1212.pdf; JITENDER_MAHAJAN__1254.pdf; JITENDER_MAHAJAN__169.pdf
234,JITENDER SINGH SHUNTY,234_JITENDER_SINGH_SHUNTY__432.pdf,432,5.99,3,JITENDER_SINGH_SHUNTY__431.pdf; JITENDER_SINGH_SHUNTY__81.pdf; JITENDER_SINGH_SHUNTY__88.pdf
235,JITENDER SOLANKI,235_JITENDER_SOLANKI__459.pdf,459,5.38,0,
236,JOGINDER SOLANKI,236_JOGINDER_SOLANKI__699.pdf,699,4.27,1,JOGINDER_SOLANKI__698.pdf
237,JOURNALIST RAMESH KUMAR JAIN   NIRBHIK,237_JOURNALIST_RAMESH_KUMAR_JAIN___NIRBHIK__1848.pdf,1848,3.17,2,JOURNALIST_RAMESH_KUMAR_JAIN___NIRBHIK__845.pdf; JOURNALIST_RAMESH_KUMAR_JAIN___NIRBHIK__847.pdf
238,JUGAL CHAWLA,238_JUGAL_CHAWLA__1538.pdf,1538,6.73,0,
239,JUGBIR SINGH,239_JUGBIR_SINGH__1205.pdf,1205,5.86,0,
240,J  P  PANWAR,240_J__P__PANWAR__121.pdf,121,8.19,0,
241,KAILASH GAHLOT,241_KAILASH_GAHLOT__382.pdf,382,6.96,0,
242,KAILASH GANGWAL,242_KAILASH_GANGWAL__1492.pdf,1492,5.14,1,KAILASH_GANGWAL__1352.pdf
243,KALI CHARAN,243_KALI_CHARAN__971.pdf,971,4.75,0,
244,KAMAL ARORA  DABBU,244_KAMAL_ARORA__DABBU__756.pdf,756,4.16,0,
245,KAMAL BAGRI,245_KAMAL_BAGRI__569.pdf,569,2.42,0,
246,KAMAL KISHORE,246_KAMAL_KISHORE__190.pdf,190,7.06,0,
247,KAMAL SINGH,247_KAMAL_SINGH__1460.pdf,1460,3.71,0,
248,KAMLA DEVI,248_KAMLA_DEVI__865.pdf,865,4.08,0,
249,KAMLESH KUMAR,249_KAMLESH_KUMAR__1551.pdf,1551,3.25,0,
250,KANCHAN SHARMA,250_KANCHAN_SHARMA__1813.pdf,1813,6.97,0,
251,KANEEZ FATIMA,251_KANEEZ_FATIMA__996.pdf,996,8.47,0,
252,KANWAR KARAN SINGH,252_KANWAR_KARAN_SINGH__1765.pdf,1765,9.62,3,KANWAR_KARAN_SINGH__1757.pdf; KANWAR_KARAN_SINGH__1761.pdf; KANWAR_KARAN_SINGH__1751.pdf
253,KAPIL MISHRA,253_KAPIL_MISHRA__1121.pdf,1121,7.35,0,
254,KARAM SINGH KARMA,254_KARAM_SINGH_KARMA__343.pdf,343,5.34,0,
255,KARAN SINGH,255_KARAN_SINGH__1604.pdf,1604,8.22,0,
256,KARAN TALWAR,256_KARAN_TALWAR__1676.pdf,1676,5.65,0,
257,KARNAIL SINGH,257_KARNAIL_SINGH__515.pdf,515,6.87,3,KARNAIL_SINGH__1708.pdf; KARNAIL_SINGH__1710.pdf; KARNAIL_SINGH__509.pdf
258,KARTAR SINGH TANWAR,258_KARTAR_SINGH_TANWAR__675.pdf,675,6.51,3,KARTAR_SINGH_TANWAR__1301.pdf; KARTAR_SINGH_TANWAR__346.pdf; KARTAR_SINGH_TANWAR__348.pdf
259,KASHMIR CHAND,259_KASHMIR_CHAND__1895.pdf,1895,4.79,0,
260,KHALID UR REHMAN,260_KHALID_UR_REHMAN__657.pdf,657,4.02,0,
261,KHILKHILAKAR,261_KHILKHILAKAR__345.pdf,345,4.0,0,
262,KHURSHEED ABBAS ZAIDI,262_KHURSHEED_ABBAS_ZAIDI__1416.pdf,1416,5.41,0,
263,KHUSHI RAM CHUNAR,263_KHUSHI_RAM_CHUNAR__162.pdf,162,4.86,0,
264,KRISHNA THAKUR,264_KRISHNA_THAKUR__58.pdf,58,3.75,0,
265,KRISHNA TIRATH,265_KRISHNA_TIRATH__1459.pdf,1459,5.6,0,
266,KULDEEP KUMAR  MONU,266_KULDEEP_KUMAR__MONU__1182.pdf,1182,9.87,2,KULDEEP_KUMAR__MONU__1285.pdf; KULDEEP_KUMAR__MONU__694.pdf
267,KULDEEP SINGH AHLAWAT,267_KULDEEP_SINGH_AHLAWAT__669.pdf,669,4.93,0,
268,KULDEEP SOLANKI,268_KULDEEP_SOLANKI__740.pdf,740,7.77,1,KULDEEP_SOLANKI__731.pdf
269,KULWANT RANA,269_KULWANT_RANA__129.pdf,129,4.61,2,KULWANT_RANA__822.pdf; KULWANT_RANA__1444.pdf
270,KUSUM LATA,270_KUSUM_LATA__110.pdf,110,6.31,0,
271,KU  RINKU,271_KU__RINKU__1916.pdf,1916,6.31,3,KU__RINKU__1917.pdf; KU__RINKU__939.pdf; KU__RINKU__1919.pdf
272,LALA RAM,272_LALA_RAM__43.pdf,43,3.95,0,
273,LALITA TRIVEDI,273_LALITA_TRIVEDI__1847.pdf,1847,3.13,0,
274,LAL SINGH,274_LAL_SINGH__1384.pdf,1384,6.04,0,
275,LAXMI,275_LAXMI__1663.pdf,1663,6.89,0,
276,LAXMI THAKUR SINGHAL,276_LAXMI_THAKUR_SINGHAL__1567.pdf,1567,0.54,0,
277,LOKENDRA KALYAN SINGH,277_LOKENDRA_KALYAN_SINGH__1093.pdf,1093,9.84,3,LOKENDRA_KALYAN_SINGH__1138.pdf; LOKENDRA_KALYAN_SINGH__1129.pdf; LOKENDRA_KALYAN_SINGH__1133.pdf
278,LOKESH KUMAR MASTERJI,278_LOKESH_KUMAR_MASTERJI__1471.pdf,1471,7.81,1,LOKESH_KUMAR_MASTERJI__617.pdf
279,MADHU BALA,279_MADHU_BALA__1267.pdf,1267,0.43,0,
280,MAHAVIR,280_MAHAVIR__466.pdf,466,4.58,0,
281,MAHAVIR SINGH,281_MAHAVIR_SINGH__1316.pdf,1316,4.42,0,
282,MAHENDER CHAUDHARY,282_MAHENDER_CHAUDHARY__84.pdf,84,4.56,0,
283,MAHENDER KUMAR,283_MAHENDER_KUMAR__1218.pdf,1218,3.74,0,
284,MAHENDER SINGH RATHOR,284_MAHENDER_SINGH_RATHOR__1812.pdf,1812,8.9,0,
285,MAHESH BANSAL,285_MAHESH_BANSAL__111.pdf,111,6.68,0,
286,MAHESH DUBEY,286_MAHESH_DUBEY__989.pdf,989,5.76,0,
287,MAHESH KUMAR,287_MAHESH_KUMAR__1060.pdf,1060,6.62,0,
288,MAHINDER YADAV,288_MAHINDER_YADAV__133.pdf,133,4.12,0,
289,MALIK NEYAZ AHMAD,289_MALIK_NEYAZ_AHMAD__137.pdf,137,8.03,0,
290,MANGESH TYAGI,290_MANGESH_TYAGI__344.pdf,344,5.88,1,MANGESH_TYAGI__353.pdf
291,MANGE RAM,291_MANGE_RAM__1198.pdf,1198,4.19,0,
292,MANGE RAM SANGWAN,292_MANGE_RAM_SANGWAN__1434.pdf,1434,3.5,0,
293,MANISH CHAUDHARY,293_MANISH_CHAUDHARY__1272.pdf,1272,9.24,2,MANISH_CHAUDHARY__1294.pdf; MANISH_CHAUDHARY__147.pdf
294,MANISH SISODIA,294_MANISH_SISODIA__890.pdf,890,5.89,1,MANISH_SISODIA__887.pdf
295,MANI RAM,295_MANI_RAM__40.pdf,40,3.6,0,
296,MANJEET SINGH,296_MANJEET_SINGH__1214.pdf,1214,7.73,0,
297,MANJINDER SINGH SIRSA,297_MANJINDER_SINGH_SIRSA__833.pdf,833,5.48,2,MANJINDER_SINGH_SIRSA__842.pdf; MANJINDER_SINGH_SIRSA__839.pdf
298,MANOJ,298_MANOJ__1928.pdf,1928,9.35,0,
299,MANOJ KUMAR,299_MANOJ_KUMAR__1519.pdf,1519,9.7,1,MANOJ_KUMAR__1478.pdf
300,MANOJ KUMAR JINDAL,300_MANOJ_KUMAR_JINDAL__585.pdf,585,0.56,3,MANOJ_KUMAR_JINDAL__599.pdf; MANOJ_KUMAR_JINDAL__616.pdf; MANOJ_KUMAR_JINDAL__632.pdf
301,MANOJ KUMAR SHOKEEN,301_MANOJ_KUMAR_SHOKEEN__289.pdf,289,8.4,1,MANOJ_KUMAR_SHOKEEN__1804.pdf
302,MANOJ KUMAR TYAGI,302_MANOJ_KUMAR_TYAGI__1210.pdf,1210,9.2,2,MANOJ_KUMAR_TYAGI__974.pdf; MANOJ_KUMAR_TYAGI__473.pdf
303,MANU GAUTAM,303_MANU_GAUTAM__960.pdf,960,3.84,0,
304,MAYANK MEHTA,304_MAYANK_MEHTA__1559.pdf,1559,8.56,0,
305,MD HAROON,305_MD_HAROON__596.pdf,596,2.27,0,
306,MD INJAMAMUL HASSAN,306_MD_INJAMAMUL_HASSAN__758.pdf,758,2.1,0,
307,MD KHALID,307_MD_KHALID__1024.pdf,1024,5.32,0,
308,MD NAVEEN,308_MD_NAVEEN__1861.pdf,1861,5.23,0,
309,MD NAZIR,309_MD_NAZIR__775.pdf,775,7.93,0,
310,MD  RAHMAT ALI,310_MD__RAHMAT_ALI__1171.pdf,1171,6.94,0,
311,MEENAKSHI KUMARI,311_MEENAKSHI_KUMARI__557.pdf,557,0.71,0,
312,MEGHNAD S,312_MEGHNAD_S__1298.pdf,1298,9.53,0,
313,MEHAR CHARAN,313_MEHAR_CHARAN__1329.pdf,1329,3.92,0,
314,MOAZAM KHAN,314_MOAZAM_KHAN__744.pdf,744,7.81,0,
315,MOHAMMAD ABDULLAH ANSARI,315_MOHAMMAD_ABDULLAH_ANSARI__733.pdf,733,0.63,0,
316,MOHAMMAD AHMED SAIFI,316_MOHAMMAD_AHMED_SAIFI__546.pdf,546,8.7,0,
317,MOHAMMAD MURSALEEN,317_MOHAMMAD_MURSALEEN__1190.pdf,1190,5.61,0,
318,MOHAN LAL BHARDWAJ,318_MOHAN_LAL_BHARDWAJ__1711.pdf,1711,8.94,0,
319,MOHAN SINGH BISHT,319_MOHAN_SINGH_BISHT__676.pdf,676,6.53,1,MOHAN_SINGH_BISHT__685.pdf
320,MOHD ISHRAQ KHAN,320_MOHD_ISHRAQ_KHAN__575.pdf,575,0.53,2,MOHD_ISHRAQ_KHAN__548.pdf; MOHD_ISHRAQ_KHAN__564.pdf
321,MOHD ISLAM,321_MOHD_ISLAM__1249.pdf,1249,8.14,1,MOHD_ISLAM__1261.pdf
322,MOHD JAVED,322_MOHD_JAVED__747.pdf,747,7.12,0,
323,MOHD NAZIR,323_MOHD_NAZIR__1853.pdf,1853,3.2,0,
324,MOHD OJER,324_MOHD_OJER__1822.pdf,1822,2.54,0,
325,MOHD SHAFI,325_MOHD_SHAFI__1864.pdf,1864,3.08,0,
326,MOHD USMAN BAKHSH,326_MOHD_USMAN_BAKHSH__128.pdf,128,7.0,0,
327,MOHD WAQAR CHOUDHARY,327_MOHD_WAQAR_CHOUDHARY__441.pdf,441,7.75,0,
328,MOHD ZAKIULLAH,328_MOHD_ZAKIULLAH__584.pdf,584,3.7,0,
329,MOHD ZUBAIR MALIK,329_MOHD_ZUBAIR_MALIK__1899.pdf,1899,3.13,0,
330,MOHD  SHADAB,330_MOHD__SHADAB__1287.pdf,1287,5.6,0,
331,MOHD  TAHIR HUSSAIN,331_MOHD__TAHIR_HUSSAIN__959.pdf,959,7.67,0,
332,MOHD  USMAN,332_MOHD__USMAN__1186.pdf,1186,6.94,0,
333,MOHINDER GOYAL,333_MOHINDER_GOYAL__503.pdf,503,4.26,0,
334,MOHINDER SINGH,334_MOHINDER_SINGH__7.pdf,7,9.29,0,
335,MONIS KURESHI,335_MONIS_KURESHI__1188.pdf,1188,7.13,0,
336,MUDIT AGARWAL,336_MUDIT_AGARWAL__984.pdf,984,6.99,3,MUDIT_AGARWAL__1006.pdf; MUDIT_AGARWAL__1030.pdf; MUDIT_AGARWAL__1021.pdf
337,MUKESH JAIN,337_MUKESH_JAIN__992.pdf,992,5.51,1,MUKESH_JAIN__41.pdf
338,MUKESH KUMAR,338_MUKESH_KUMAR__1808.pdf,1808,8.42,4,MUKESH_KUMAR__1197.pdf; MUKESH_KUMAR__1193.pdf; MUKESH_KUMAR__1747.pdf; MUKESH_KUMAR__610.pdf
339,MUKESH KUMAR AHLAWAT,339_MUKESH_KUMAR_AHLAWAT__754.pdf,754,1.97,1,MUKESH_KUMAR_AHLAWAT__766.pdf
340,MUKESH KUMAR GOEL,340_MUKESH_KUMAR_GOEL__537.pdf,537,9.65,3,MUKESH_KUMAR_GOEL__534.pdf; MUKESH_KUMAR_GOEL__535.pdf; MUKESH_KUMAR_GOEL__532.pdf
341,MUKESH PRASAD,341_MUKESH_PRASAD__716.pdf,716,4.85,0,
342,MUKESH SHARMA,342_MUKESH_SHARMA__1828.pdf,1828,9.26,3,MUKESH_SHARMA__1836.pdf; MUKESH_SHARMA__1832.pdf; MUKESH_SHARMA__1835.pdf
343,MULAYAM SINGH,343_MULAYAM_SINGH__449.pdf,449,3.47,0,
344,NAMAHA,344_NAMAHA__458.pdf,458,6.58,0,
345,NAMIT KUMAR GAUTAM,345_NAMIT_KUMAR_GAUTAM__467.pdf,467,2.03,0,
346,NAND LAL,346_NAND_LAL__738.pdf,738,6.2,0,
347,NARAYAN DUTT SHARMA,347_NARAYAN_DUTT_SHARMA__627.pdf,627,3.33,1,NARAYAN_DUTT_SHARMA__652.pdf
348,NARENDER,348_NARENDER__757.pdf,757,3.45,0,
349,NARENDER SINGH,349_NARENDER_SINGH__456.pdf,456,6.17,0,
350,NARENDER SINGH PANWAR,350_NARENDER_SINGH_PANWAR__47.pdf,47,4.18,0,
351,NARESH KUMAR,351_NARESH_KUMAR__1508.pdf,1508,3.76,1,NARESH_KUMAR__894.pdf
352,NASEEM USMAN,352_NASEEM_USMAN__626.pdf,626,6.29,0,
353,NASIRUDDIN GAURI,353_NASIRUDDIN_GAURI__1111.pdf,1111,1.73,0,
354,NAVEEN CHAUDHARY  DEEPU,354_NAVEEN_CHAUDHARY__DEEPU__682.pdf,682,8.8,1,NAVEEN_CHAUDHARY__DEEPU__1385.pdf
355,NAVEEN KUMAR,355_NAVEEN_KUMAR__422.pdf,422,6.28,0,
356,NAVEEN RAM,356_NAVEEN_RAM__852.pdf,852,7.85,0,
357,NEELAM PAHALWAN,357_NEELAM_PAHALWAN__1441.pdf,1441,5.23,2,NEELAM_PAHALWAN__85.pdf; NEELAM_PAHALWAN__87.pdf
358,NEELAM SINGH,358_NEELAM_SINGH__1345.pdf,1345,3.97,0,
359,NEERAJ,359_NEERAJ__1201.pdf,1201,7.51,0,
360,NEERAJ BASOYA,360_NEERAJ_BASOYA__483.pdf,483,8.51,3,NEERAJ_BASOYA__480.pdf; NEERAJ_BASOYA__460.pdf; NEERAJ_BASOYA__481.pdf
361,NEERAJ CHOURASIYA,361_NEERAJ_CHOURASIYA__660.pdf,660,6.27,0,
362,NEETU SINGH,362_NEETU_SINGH__1202.pdf,1202,6.83,0,
363,NEYAZ KHAN,363_NEYAZ_KHAN__1286.pdf,1286,3.38,0,
364,NIKHIL KUMAR PIPAL,364_NIKHIL_KUMAR_PIPAL__22.pdf,22,5.64,0,
365,NIRAJ KUMAR,365_NIRAJ_KUMAR__753.pdf,753,7.76,0,
366,NISHANT SEHRAWAT,366_NISHANT_SEHRAWAT__1854.pdf,1854,4.17,0,
367,NISHTHA,367_NISHTHA__1151.pdf,1151,3.25,0,
368,NITIN GARG,368_NITIN_GARG__1527.pdf,1527,8.39,0,
369,NITIN MITTAL,369_NITIN_MITTAL__1377.pdf,1377,5.85,0,
370,NITYA NAND SINGH,370_NITYA_NAND_SINGH__1322.pdf,1322,4.44,0,
371,NIYATI CHOUDHARY,371_NIYATI_CHOUDHARY__578.pdf,578,10.07,0,
372,NIZAMUDDIN KHAN,372_NIZAMUDDIN_KHAN__1866.pdf,1866,4.33,0,
373,OM PRAKASH GUPTA,373_OM_PRAKASH_GUPTA__1260.pdf,1260,3.17,0,
374,OM PRAKASH SHARMA,374_OM_PRAKASH_SHARMA__109.pdf,109,10.08,0,
375,OM SHANKAR PANDEY,375_OM_SHANKAR_PANDEY__1530.pdf,1530,8.7,1,OM_SHANKAR_PANDEY__883.pdf
376,PANKAJ GUPTA,376_PANKAJ_GUPTA__104.pdf,104,8.96,0,
377,PANKAJ JAGYA,377_PANKAJ_JAGYA__1841.pdf,1841,2.07,0,
378,PANKAJ KUMAR,378_PANKAJ_KUMAR__421.pdf,421,9.58,0,
379,PANKAJ KUMAR SINGH,379_PANKAJ_KUMAR_SINGH__174.pdf,174,4.14,0,
380,PANKAJ SHARMA,380_PANKAJ_SHARMA__1334.pdf,1334,4.22,0,
381,PARAG JAIN,381_PARAG_JAIN__1448.pdf,1448,3.46,0,
382,PARDEEP,382_PARDEEP__705.pdf,705,3.97,0,
383,PARDEEP KUMAR,383_PARDEEP_KUMAR__862.pdf,862,3.59,0,
384,PARDEEP MITTAL,384_PARDEEP_MITTAL__615.pdf,615,6.53,3,PARDEEP_MITTAL__614.pdf; PARDEEP_MITTAL__612.pdf; PARDEEP_MITTAL__613.pdf
385,PARDUYMN SINGH RAJPUT,385_PARDUYMN_SINGH_RAJPUT__366.pdf,366,8.82,2,PARDUYMN_SINGH_RAJPUT__365.pdf; PARDUYMN_SINGH_RAJPUT__367.pdf
386,PARMOD KUMAR,386_PARMOD_KUMAR__116.pdf,116,2.88,0,
387,PARTEEK GUPTA,387_PARTEEK_GUPTA__1122.pdf,1122,5.64,0,
388,PARVEEN CHAUHAN,388_PARVEEN_CHAUHAN__74.pdf,74,3.4,0,
389,PARVEEN CHOUDHRY,389_PARVEEN_CHOUDHRY__853.pdf,853,4.02,0,
390,PARVEEN KUMAR,390_PARVEEN_KUMAR__312.pdf,312,8.93,3,PARVEEN_KUMAR__310.pdf; PARVEEN_KUMAR__311.pdf; PARVEEN_KUMAR__98.pdf
391,PARVEEN KUMAR JAIN,391_PARVEEN_KUMAR_JAIN__173.pdf,173,9.04,0,
392,PARVESH SAHIB SINGH,392_PARVESH_SAHIB_SINGH__1156.pdf,1156,5.31,3,PARVESH_SAHIB_SINGH__1155.pdf; PARVESH_SAHIB_SINGH__308.pdf; PARVESH_SAHIB_SINGH__319.pdf
393,PARVINDER SINGH ALIAS P S BAWA,393_PARVINDER_SINGH_ALIAS_P_S_BAWA__285.pdf,285,6.0,0,
394,PAWAN CHOUDHRY,394_PAWAN_CHOUDHRY__1515.pdf,1515,7.57,0,
395,PAWAN GARG,395_PAWAN_GARG__471.pdf,471,0.35,0,
396,PAWAN SHARMA,396_PAWAN_SHARMA__854.pdf,854,4.53,2,PAWAN_SHARMA__858.pdf; PAWAN_SHARMA__861.pdf
397,PERMILA,397_PERMILA__1611.pdf,1611,4.75,0,
398,POONAM MAINI,398_POONAM_MAINI__1273.pdf,1273,5.16,0,
399,POONAM SHARMA,399_POONAM_SHARMA__1627.pdf,1627,9.42,0,
400,POSH BALYAN,400_POSH_BALYAN__868.pdf,868,3.93,1,POSH_BALYAN__866.pdf
401,PRABHAT KUMAR,401_PRABHAT_KUMAR__269.pdf,269,7.81,0,
402,PRADEEP KUMAR UPMANYU,402_PRADEEP_KUMAR_UPMANYU__1073.pdf,1073,2.62,2,PRADEEP_KUMAR_UPMANYU__1056.pdf; PRADEEP_KUMAR_UPMANYU__1092.pdf
403,PRAKASH CHAND,403_PRAKASH_CHAND__1256.pdf,1256,7.84,1,PRAKASH_CHAND__962.pdf
404,PRAKASH CHANDRA JOSHI,404_PRAKASH_CHANDRA_JOSHI__874.pdf,874,6.3,0,
405,PRAKASH SRIVASTAV,405_PRAKASH_SRIVASTAV__1191.pdf,1191,4.1,0,
406,PRAMILA TOKAS,406_PRAMILA_TOKAS__171.pdf,171,8.67,1,PRAMILA_TOKAS__1029.pdf
407,PRAMOD,407_PRAMOD__702.pdf,702,7.01,0,
408,PRASHANT CHAUHAN,408_PRASHANT_CHAUHAN__680.pdf,680,3.8,0,
409,PRAVEEN KUMAR,409_PRAVEEN_KUMAR__1842.pdf,1842,5.35,1,PRAVEEN_KUMAR__318.pdf
410,PRAVEEN KUMAR BHARTI,410_PRAVEEN_KUMAR_BHARTI__90.pdf,90,2.6,0,
411,PRAVEEN NIMESH,411_PRAVEEN_NIMESH__1295.pdf,1295,6.03,3,PRAVEEN_NIMESH__1299.pdf; PRAVEEN_NIMESH__1281.pdf; PRAVEEN_NIMESH__1290.pdf
412,PRAVESH RATN,412_PRAVESH_RATN__203.pdf,203,6.66,0,
413,PREETAM CHAND,413_PREETAM_CHAND__67.pdf,67,2.27,0,
414,PREETI,414_PREETI__1566.pdf,1566,5.67,0,
415,PREETI JITENDER TOMAR,415_PREETI_JITENDER_TOMAR__416.pdf,416,0.43,0,
416,PREM BALLABH,416_PREM_BALLABH__877.pdf,877,9.02,0,
417,PREM CHAND,417_PREM_CHAND__561.pdf,561,7.45,0,
418,PREM CHAUHAN,418_PREM_CHAUHAN__1758.pdf,1758,10.0,2,PREM_CHAUHAN__1760.pdf; PREM_CHAUHAN__577.pdf
419,PREM PAL SINGH,419_PREM_PAL_SINGH__435.pdf,435,4.51,0,
420,PRITAM SINGH,420_PRITAM_SINGH__830.pdf,830,5.36,0,
421,PRIYA,421_PRIYA__1157.pdf,1157,7.37,0,
422,PRIYANKA GAUTAM,422_PRIYANKA_GAUTAM__1598.pdf,1598,9.81,1,PRIYANKA_GAUTAM__1603.pdf
423,PUNAM PANDEY,423_PUNAM_PANDEY__1569.pdf,1569,7.46,1,PUNAM_PANDEY__498.pdf
424,PUNARDEEP SINGH SAWHNEY  SABBY,424_PUNARDEEP_SINGH_SAWHNEY__SABBY__453.pdf,453,4.59,2,PUNARDEEP_SINGH_SAWHNEY__SABBY__562.pdf; PUNARDEEP_SINGH_SAWHNEY__SABBY__1088.pdf
425,PUSHPA SINGH,425_PUSHPA_SINGH__112.pdf,112,4.62,0,
426,QAMAR ALI,426_QAMAR_ALI__1165.pdf,1165,9.41,0,
427,RAAJ KUMAR ANAND,427_RAAJ_KUMAR_ANAND__518.pdf,518,4.55,0,
428,RAGHUVINDER SHOKEEN,428_RAGHUVINDER_SHOKEEN__1800.pdf,1800,9.84,3,RAGHUVINDER_SHOKEEN__1846.pdf; RAGHUVINDER_SHOKEEN__1851.pdf; RAGHUVINDER_SHOKEEN__1845.pdf
429,RAGHVINDER SINGH,429_RAGHVINDER_SINGH__801.pdf,801,6.3,0,
430,RAGINI NAYAK,430_RAGINI_NAYAK__1694.pdf,1694,9.18,0,
431,RAHISUDDIN AHMAD,431_RAHISUDDIN_AHMAD__1876.pdf,1876,3.04,0,
432,RAHUL KUMAR,432_RAHUL_KUMAR__1176.pdf,1176,4.0,1,RAHUL_KUMAR__73.pdf
433,RAHUL RAI,433_RAHUL_RAI__1271.pdf,1271,0.87,0,
434,RAHUL TIWARI,434_RAHUL_TIWARI__52.pdf,52,6.01,0,
435,RAI SINGH,435_RAI_SINGH__1596.pdf,1596,5.48,0,
436,RAJAN SINGH,436_RAJAN_SINGH__209.pdf,209,6.68,0,
437,RAJA RAM,437_RAJA_RAM__670.pdf,670,5.66,1,RAJA_RAM__1768.pdf
438,RAJBIR,438_RAJBIR__641.pdf,641,7.03,0,
439,RAJENDER,439_RAJENDER__1050.pdf,1050,2.52,0,
440,RAJENDER SINGH,440_RAJENDER_SINGH__101.pdf,101,5.64,0,
441,RAJENDER SINGH TANWAR,441_RAJENDER_SINGH_TANWAR__849.pdf,849,8.45,3,RAJENDER_SINGH_TANWAR__856.pdf; RAJENDER_SINGH_TANWAR__2014.pdf; RAJENDER_SINGH_TANWAR__2015.pdf
442,RAJENDRA KUMAR PAL,442_RAJENDRA_KUMAR_PAL__972.pdf,972,5.85,0,
443,RAJESH,443_RAJESH__1925.pdf,1925,8.2,0,
444,RAJESH CHAUHAN,444_RAJESH_CHAUHAN__195.pdf,195,4.28,0,
445,RAJESH GUPTA,445_RAJESH_GUPTA__1528.pdf,1528,9.12,1,RAJESH_GUPTA__237.pdf
446,RAJESH KUMAR,446_RAJESH_KUMAR__930.pdf,930,5.55,1,RAJESH_KUMAR__1236.pdf
447,RAJESH KUMAR GUPTA,447_RAJESH_KUMAR_GUPTA__1241.pdf,1241,4.55,0,
448,RAJESH KUMAR LOHIYA,448_RAJESH_KUMAR_LOHIYA__1940.pdf,1940,6.62,0,
449,RAJESH KUMAR YADAV,449_RAJESH_KUMAR_YADAV__1282.pdf,1282,7.85,0,
450,RAJESH LILOTHIA,450_RAJESH_LILOTHIA__1923.pdf,1923,8.56,0,
451,RAJIV BHRIGUKUMAR,451_RAJIV_BHRIGUKUMAR__1870.pdf,1870,7.46,0,
452,RAJIV CHAUDHARY,452_RAJIV_CHAUDHARY__409.pdf,409,8.14,0,
453,RAJIV KUMAR,453_RAJIV_KUMAR__1438.pdf,1438,0.67,0,
454,RAJIV KUMAR BABBAR,454_RAJIV_KUMAR_BABBAR__1243.pdf,1243,6.53,0,
455,RAJKUMAR BHARTI,455_RAJKUMAR_BHARTI__1308.pdf,1308,4.62,0,
456,RAJNEESH KUMAR JHA,456_RAJNEESH_KUMAR_JHA__374.pdf,374,2.85,0,
457,RAJNI,457_RAJNI__68.pdf,68,4.6,0,
458,RAJNI SHARMA,458_RAJNI_SHARMA__761.pdf,761,3.12,0,
459,RAJU NIGAM,459_RAJU_NIGAM__1943.pdf,1943,8.04,0,
460,RAJU RICHARIYA,460_RAJU_RICHARIYA__28.pdf,28,2.79,0,
461,RAJ KARAN KHATRI,461_RAJ_KARAN_KHATRI__172.pdf,172,5.29,1,RAJ_KARAN_KHATRI__175.pdf
462,RAJ KUMAR,462_RAJ_KUMAR__1879.pdf,1879,8.64,0,
463,RAJ KUMARI DHILLON,463_RAJ_KUMARI_DHILLON__1718.pdf,1718,9.48,0,
464,RAJ KUMAR BHATIA,464_RAJ_KUMAR_BHATIA__347.pdf,347,9.51,3,RAJ_KUMAR_BHATIA__1216.pdf; RAJ_KUMAR_BHATIA__1215.pdf; RAJ_KUMAR_BHATIA__114.pdf
465,RAJ KUMAR CHAUHAN,465_RAJ_KUMAR_CHAUHAN__332.pdf,332,4.75,3,RAJ_KUMAR_CHAUHAN__334.pdf; RAJ_KUMAR_CHAUHAN__328.pdf; RAJ_KUMAR_CHAUHAN__375.pdf
466,RAKESH,466_RAKESH__628.pdf,628,7.27,0,
467,RAKESH RANJAN SHRIVASTAV,467_RAKESH_RANJAN_SHRIVASTAV__1373.pdf,1373,8.38,0,
468,RAKESH SAGAR,468_RAKESH_SAGAR__1913.pdf,1913,1.0,0,
469,RAKHI BIRLA,469_RAKHI_BIRLA__656.pdf,656,7.16,2,RAKHI_BIRLA__1483.pdf; RAKHI_BIRLA__1486.pdf
470,RAMBIR SHOKEEN,470_RAMBIR_SHOKEEN__232.pdf,232,4.99,0,
471,RAMESHWAR MAHTO,471_RAMESHWAR_MAHTO__338.pdf,338,2.35,0,
472,RAMESH ADVOCATE,472_RAMESH_ADVOCATE__1516.pdf,1516,6.04,1,RAMESH_ADVOCATE__994.pdf
473,RAMESH BIDHURI,473_RAMESH_BIDHURI__140.pdf,140,6.33,0,
474,RAMESH JAGANNATH SHAH,474_RAMESH_JAGANNATH_SHAH__1166.pdf,1166,5.25,0,
475,RAMESH PAHELWAN,475_RAMESH_PAHELWAN__223.pdf,223,5.96,0,
476,RAMSWAROOP SAMRIA,476_RAMSWAROOP_SAMRIA__1502.pdf,1502,2.06,0,
477,RAM AVTAR,477_RAM_AVTAR__178.pdf,178,6.3,0,
478,RAM BAHADUR,478_RAM_BAHADUR__1330.pdf,1330,1.11,0,
479,RAM NIWAS,479_RAM_NIWAS__998.pdf,998,7.44,0,
480,RAM RAJ SINGH,480_RAM_RAJ_SINGH__317.pdf,317,6.46,0,
481,RAM SAJIVAN,481_RAM_SAJIVAN__791.pdf,791,8.2,0,
482,RAM SINGH NETAJI,482_RAM_SINGH_NETAJI__999.pdf,999,5.79,3,RAM_SINGH_NETAJI__154.pdf; RAM_SINGH_NETAJI__988.pdf; RAM_SINGH_NETAJI__1020.pdf
483,RANDHIR KUMAR,483_RANDHIR_KUMAR__152.pdf,152,6.74,0,
484,RANDHIR SINGH TANDI,484_RANDHIR_SINGH_TANDI__1034.pdf,1034,6.78,0,
485,RANJEET,485_RANJEET__429.pdf,429,3.9,0,
486,RANJEET KUMAR,486_RANJEET_KUMAR__19.pdf,19,2.83,0,
487,RANJEET VERMA,487_RANJEET_VERMA__1168.pdf,1168,5.33,0,
488,RATAN TYAGI,488_RATAN_TYAGI__1639.pdf,1639,7.33,1,RATAN_TYAGI__624.pdf
489,RAVI,489_RAVI__56.pdf,56,6.47,1,RAVI__1296.pdf
490,RAVINDER INDRAJ SINGH,490_RAVINDER_INDRAJ_SINGH__1570.pdf,1570,9.06,0,
491,RAVINDER KUMAR,491_RAVINDER_KUMAR__60.pdf,60,4.07,0,
492,RAVINDER SINGH,492_RAVINDER_SINGH__228.pdf,228,7.48,0,
493,RAVINDER SINGH NEGI  RAVI NEGI,493_RAVINDER_SINGH_NEGI__RAVI_NEGI__914.pdf,914,9.37,3,RAVINDER_SINGH_NEGI__RAVI_NEGI__886.pdf; RAVINDER_SINGH_NEGI__RAVI_NEGI__917.pdf; RAVINDER_SINGH_NEGI__RAVI_NEGI__909.pdf
494,RAVINDER SINGH RAWAT,494_RAVINDER_SINGH_RAWAT__1014.pdf,1014,2.49,0,
495,RAVINDRA SINGH RAVIYODAYA,495_RAVINDRA_SINGH_RAVIYODAYA__1752.pdf,1752,8.55,0,
496,RAVI KANT,496_RAVI_KANT__1410.pdf,1410,6.14,1,RAVI_KANT__1423.pdf
497,RAVI PARTAP RAO,497_RAVI_PARTAP_RAO__1774.pdf,1774,6.05,0,
498,RAVI RATHORE,498_RAVI_RATHORE__876.pdf,876,7.79,0,
499,REKHA GUPTA,499_REKHA_GUPTA__386.pdf,386,8.65,2,REKHA_GUPTA__226.pdf; REKHA_GUPTA__1096.pdf
500,REKHA SINGH,500_REKHA_SINGH__901.pdf,901,4.76,0,
501,RICHA KUMARI,501_RICHA_KUMARI__118.pdf,118,7.67,1,RICHA_KUMARI__1274.pdf
502,RINA DEVI,502_RINA_DEVI__1280.pdf,1280,6.79,0,
503,RIZWANA KHATOON,503_RIZWANA_KHATOON__406.pdf,406,9.08,0,
504,ROHIT,504_ROHIT__594.pdf,594,4.16,0,
505,ROHIT CHOUDHARY,505_ROHIT_CHOUDHARY__651.pdf,651,9.67,1,ROHIT_CHOUDHARY__248.pdf
506,ROHIT KASHYAP,506_ROHIT_KASHYAP__1242.pdf,1242,7.65,0,
507,ROHTASH KUMAR,507_ROHTASH_KUMAR__796.pdf,796,3.92,1,ROHTASH_KUMAR__788.pdf
508,ROMAN RASHID,508_ROMAN_RASHID__1839.pdf,1839,10.09,1,ROMAN_RASHID__1843.pdf
509,ROOP SINGH AHIRWAR,509_ROOP_SINGH_AHIRWAR__21.pdf,21,6.7,0,
510,R  C  SHARMA,510_R__C__SHARMA__979.pdf,979,3.1,0,
511,SABIR KHAN,511_SABIR_KHAN__948.pdf,948,7.1,0,
512,SACHIN,512_SACHIN__500.pdf,500,1.33,0,
513,SADRE ALAM,513_SADRE_ALAM__1090.pdf,1090,7.64,1,SADRE_ALAM__415.pdf
514,SAGAR TANHA,514_SAGAR_TANHA__189.pdf,189,1.78,0,
515,SAHI RAM,515_SAHI_RAM__907.pdf,907,4.96,3,SAHI_RAM__186.pdf; SAHI_RAM__191.pdf; SAHI_RAM__912.pdf
516,SANAULLAH,516_SANAULLAH__1118.pdf,1118,7.66,0,
517,SANDEEP DIKSHIT,517_SANDEEP_DIKSHIT__658.pdf,658,10.19,2,SANDEEP_DIKSHIT__692.pdf; SANDEEP_DIKSHIT__636.pdf
518,SANDEEP SEHRAWAT,518_SANDEEP_SEHRAWAT__773.pdf,773,7.19,1,SANDEEP_SEHRAWAT__771.pdf
519,SANDHIYA TIWARI,519_SANDHIYA_TIWARI__1058.pdf,1058,2.56,0,
520,SANGEETA,520_SANGEETA__1704.pdf,1704,6.46,0,
521,SANGHA NAND BAUDDH,521_SANGHA_NAND_BAUDDH__722.pdf,722,5.86,0,
522,SANGH MITRA,522_SANGH_MITRA__892.pdf,892,5.8,0,
523,SANGH PRIYA SIDDHARTHA,523_SANGH_PRIYA_SIDDHARTHA__1207.pdf,1207,8.38,0,
524,SANJAY,524_SANJAY__922.pdf,922,3.71,0,
525,SANJAYA KUMAR YADAV,525_SANJAYA_KUMAR_YADAV__11.pdf,11,3.55,0,
526,SANJAY GOYAL,526_SANJAY_GOYAL__1196.pdf,1196,7.76,3,SANJAY_GOYAL__1199.pdf; SANJAY_GOYAL__1175.pdf; SANJAY_GOYAL__1178.pdf
527,SANJAY MISHRA  SITARAM,527_SANJAY_MISHRA__SITARAM__1335.pdf,1335,8.27,0,
528,SANJAY NEGI,528_SANJAY_NEGI__710.pdf,710,3.82,0,
529,SANJAY RAWAT,529_SANJAY_RAWAT__1072.pdf,1072,4.84,0,
530,SANJAY YADAV ADVOCATE,530_SANJAY_YADAV_ADVOCATE__475.pdf,475,8.27,0,
531,SANJEEV JHA,531_SANJEEV_JHA__1462.pdf,1462,5.28,3,SANJEEV_JHA__1458.pdf; SANJEEV_JHA__333.pdf; SANJEEV_JHA__330.pdf
532,SANJEEV KUMAR,532_SANJEEV_KUMAR__1942.pdf,1942,7.26,1,SANJEEV_KUMAR__249.pdf
533,SANJEEV KUMAR RANA,533_SANJEEV_KUMAR_RANA__501.pdf,501,8.73,0,
534,SANTOSH,534_SANTOSH__1669.pdf,1669,4.93,0,
535,SANTOSH KUMAR,535_SANTOSH_KUMAR__846.pdf,846,3.7,0,
536,SANTOSH RAI,536_SANTOSH_RAI__1422.pdf,1422,4.05,0,
537,SARAVANAN,537_SARAVANAN__1633.pdf,1633,5.96,0,
538,SARITA SINGH,538_SARITA_SINGH__440.pdf,440,8.9,4,SARITA_SINGH__1032.pdf; SARITA_SINGH__433.pdf; SARITA_SINGH__1038.pdf; SARITA_SINGH__778.pdf
539,SAROJ BALA,539_SAROJ_BALA__1938.pdf,1938,8.45,0,
540,SATENDER SHARMA,540_SATENDER_SHARMA__165.pdf,165,4.68,0,
541,SATISH JAIN,541_SATISH_JAIN__1153.pdf,1153,5.54,1,SATISH_JAIN__117.pdf
542,SATISH KUMAR,542_SATISH_KUMAR__1204.pdf,1204,4.51,0,
543,SATISH KUMAR GULLIYA,543_SATISH_KUMAR_GULLIYA__407.pdf,407,8.11,0,
544,SATISH KUMAR LUTHRA,544_SATISH_KUMAR_LUTHRA__529.pdf,529,7.6,1,SATISH_KUMAR_LUTHRA__1356.pdf
545,SATISH UPADHYAY,545_SATISH_UPADHYAY__556.pdf,556,7.24,3,SATISH_UPADHYAY__252.pdf; SATISH_UPADHYAY__270.pdf; SATISH_UPADHYAY__545.pdf
546,SATPAL,546_SATPAL__1064.pdf,1064,9.03,0,
547,SATYENDAR JAIN,547_SATYENDAR_JAIN__1473.pdf,1473,8.45,3,SATYENDAR_JAIN__193.pdf; SATYENDAR_JAIN__1477.pdf; SATYENDAR_JAIN__214.pdf
548,SAURABH BHARADWAJ,548_SAURABH_BHARADWAJ__1189.pdf,1189,6.54,1,SAURABH_BHARADWAJ__549.pdf
549,SAURABH GUPTA,549_SAURABH_GUPTA__240.pdf,240,7.47,0,
550,SEEMA,550_SEEMA__1250.pdf,1250,4.74,1,SEEMA__827.pdf
551,SEWA DASS,551_SEWA_DASS__1376.pdf,1376,0.45,0,
552,SHABANA,552_SHABANA__937.pdf,937,2.68,0,
553,SHAILENDRA KUMAR,553_SHAILENDRA_KUMAR__1258.pdf,1258,5.5,0,
554,SHAIL KUMARI,554_SHAIL_KUMARI__1614.pdf,1614,0.44,0,
555,SHARAD KUMAR,555_SHARAD_KUMAR__547.pdf,547,6.56,0,
556,SHARDA DIXIT,556_SHARDA_DIXIT__102.pdf,102,3.65,0,
557,SHARDA SINGH,557_SHARDA_SINGH__5.pdf,5,4.62,1,SHARDA_SINGH__80.pdf
558,SHASHI PABHA,558_SHASHI_PABHA__818.pdf,818,5.19,0,
559,SHEELA DEVI,559_SHEELA_DEVI__1755.pdf,1755,7.95,0,
560,SHEIKH ARSALAN ULLAH CHISHTI,560_SHEIKH_ARSALAN_ULLAH_CHISHTI__804.pdf,804,2.54,0,
561,SHEJO VARGHESE,561_SHEJO_VARGHESE__425.pdf,425,3.82,0,
562,SHER MOHAMMAD,562_SHER_MOHAMMAD__414.pdf,414,7.82,0,
563,SHIFA UR REHMAN KHAN,563_SHIFA_UR_REHMAN_KHAN__1173.pdf,1173,7.56,1,SHIFA_UR_REHMAN_KHAN__1169.pdf
564,SHIKHA ROY,564_SHIKHA_ROY__1091.pdf,1091,6.07,1,SHIKHA_ROY__1095.pdf
565,SHIVANK SINGAL,565_SHIVANK_SINGAL__185.pdf,185,9.26,3,SHIVANK_SINGAL__183.pdf; SHIVANK_SINGAL__180.pdf; SHIVANK_SINGAL__181.pdf
566,SHIVCHARAN GOEL,566_SHIVCHARAN_GOEL__450.pdf,450,8.3,1,SHIVCHARAN_GOEL__443.pdf
567,SHIV KUMAR,567_SHIV_KUMAR__1126.pdf,1126,4.15,0,
568,SHIV KUMAR KAKE,568_SHIV_KUMAR_KAKE__718.pdf,718,3.57,0,
569,SHIV PRASAD VERMA,569_SHIV_PRASAD_VERMA__239.pdf,239,2.04,0,
570,SHUBHAM,570_SHUBHAM__26.pdf,26,3.33,0,
571,SHVETA SAINI,571_SHVETA_SAINI__485.pdf,485,5.31,0,
572,SHWETA,572_SHWETA__1217.pdf,1217,6.09,0,
573,SHYAM BABU,573_SHYAM_BABU__65.pdf,65,3.21,3,SHYAM_BABU__66.pdf; SHYAM_BABU__141.pdf; SHYAM_BABU__9.pdf
574,SHYAM KUMAR,574_SHYAM_KUMAR__472.pdf,472,5.32,0,
575,SHYAM SHARMA,575_SHYAM_SHARMA__265.pdf,265,3.19,0,
576,SIRAJUDDIN,576_SIRAJUDDIN__551.pdf,551,9.93,0,
577,SOMNATH BHARTI,577_SOMNATH_BHARTI__1333.pdf,1333,7.44,3,SOMNATH_BHARTI__296.pdf; SOMNATH_BHARTI__299.pdf; SOMNATH_BHARTI__294.pdf
578,SOM DUTT,578_SOM_DUTT__712.pdf,712,0.6,2,SOM_DUTT__709.pdf; SOM_DUTT__704.pdf
579,SOM DUTT SHARMA,579_SOM_DUTT_SHARMA__520.pdf,520,3.01,0,
580,SONU,580_SONU__1053.pdf,1053,2.21,0,
581,SONU KAUSHIK,581_SONU_KAUSHIK__30.pdf,30,5.4,0,
582,SUBHASH,582_SUBHASH__247.pdf,247,3.72,0,
583,SUBHASH CHAND GUPTA,583_SUBHASH_CHAND_GUPTA__1185.pdf,1185,2.78,0,
584,SUDESH SHARMA,584_SUDESH_SHARMA__1259.pdf,1259,3.23,0,
585,SUDHIR NEGI,585_SUDHIR_NEGI__565.pdf,565,8.44,0,
586,SUMAN LATA SEHRAWAT,586_SUMAN_LATA_SEHRAWAT__591.pdf,591,4.51,0,
587,SUMAN SHARMA,587_SUMAN_SHARMA__335.pdf,335,3.52,0,
588,SUMESH GUPTA,588_SUMESH_GUPTA__1321.pdf,1321,4.58,0,
589,SUMESH SHOKEEN,589_SUMESH_SHOKEEN__280.pdf,280,6.44,3,SUMESH_SHOKEEN__783.pdf; SUMESH_SHOKEEN__782.pdf; SUMESH_SHOKEEN__1536.pdf
590,SUMIT SHARMA,590_SUMIT_SHARMA__404.pdf,404,5.68,0,
591,SUNDER LOHIYA,591_SUNDER_LOHIYA__1776.pdf,1776,4.27,0,
592,SUNIL KAIN,592_SUNIL_KAIN__764.pdf,764,6.23,0,
593,SUNIL KUMAR,593_SUNIL_KUMAR__1618.pdf,1618,5.39,0,
594,SUNIL KUMAR KUKREJA,594_SUNIL_KUMAR_KUKREJA__943.pdf,943,7.32,0,
595,SUNIL KUMAR VYATHIT,595_SUNIL_KUMAR_VYATHIT__361.pdf,361,5.08,0,
596,SUNITA SHEKHAR CHAWARIYA,596_SUNITA_SHEKHAR_CHAWARIYA__1418.pdf,1418,4.95,0,
597,SUNNY KUMAR,597_SUNNY_KUMAR__1342.pdf,1342,5.21,0,
598,SURENDER BHARDWAJ,598_SURENDER_BHARDWAJ__376.pdf,376,3.53,0,
599,SURENDER KUMAR,599_SURENDER_KUMAR__1449.pdf,1449,9.43,3,SURENDER_KUMAR__725.pdf; SURENDER_KUMAR__696.pdf; SURENDER_KUMAR__1160.pdf
600,SURENDER PAL,600_SURENDER_PAL__396.pdf,396,7.26,0,
601,SURENDER SINGH,601_SURENDER_SINGH__654.pdf,654,6.45,0,
602,SURENDER SINGH VISHWAKARMA,602_SURENDER_SINGH_VISHWAKARMA__413.pdf,413,9.83,0,
603,SURENDRA KUMAR,603_SURENDRA_KUMAR__659.pdf,659,9.73,1,SURENDRA_KUMAR__664.pdf
604,SURENDRA SINGH BASOYA,604_SURENDRA_SINGH_BASOYA__553.pdf,553,0.4,0,
605,SURESHPAL JAINTH,605_SURESHPAL_JAINTH__1394.pdf,1394,8.22,1,SURESHPAL_JAINTH__714.pdf
606,SURESHVATI,606_SURESHVATI__1108.pdf,1108,3.86,0,
607,SURESH PAL JAINTH,607_SURESH_PAL_JAINTH__463.pdf,463,9.86,1,SURESH_PAL_JAINTH__1279.pdf
608,SURINDER KUMAR SETIA,608_SURINDER_KUMAR_SETIA__1104.pdf,1104,7.48,0,
609,SURINDER PAL SINGH  BITTOO,609_SURINDER_PAL_SINGH__BITTOO__403.pdf,403,9.42,2,SURINDER_PAL_SINGH__BITTOO__293.pdf; SURINDER_PAL_SINGH__BITTOO__281.pdf
610,SURYA PRAKASH KHATRI,610_SURYA_PRAKASH_KHATRI__217.pdf,217,4.21,2,SURYA_PRAKASH_KHATRI__241.pdf; SURYA_PRAKASH_KHATRI__234.pdf
611,SUSHANT MISHRA,611_SUSHANT_MISHRA__164.pdf,164,4.1,0,
612,SUSHMA DEVI YADAV,612_SUSHMA_DEVI_YADAV__625.pdf,625,6.39,1,SUSHMA_DEVI_YADAV__1446.pdf
613,SYED MUNEEB,613_SYED_MUNEEB__1833.pdf,1833,3.03,0,
614,S  M  AQIF,614_S__M__AQIF__1862.pdf,1862,3.1,0,
615,TAMANA,615_TAMANA__1435.pdf,1435,7.59,0,
616,TANYA SINGH,616_TANYA_SINGH__1337.pdf,1337,4.09,0,
617,TARUN KUMAR,617_TARUN_KUMAR__969.pdf,969,8.49,1,TARUN_KUMAR__552.pdf
618,TARUN KUMAR SHARMA,618_TARUN_KUMAR_SHARMA__1852.pdf,1852,3.34,0,
619,TARVINDER SINGH MARWAH,619_TARVINDER_SINGH_MARWAH__940.pdf,940,3.51,0,
620,TEJ RAM,620_TEJ_RAM__1891.pdf,1891,4.04,0,
621,TIKRAJ SINGH,621_TIKRAJ_SINGH__1624.pdf,1624,6.11,0,
622,TILAK RAM GUPTA,622_TILAK_RAM_GUPTA__445.pdf,445,0.33,0,
623,UMANG,623_UMANG__1818.pdf,1818,6.49,0,
624,UMANG BAJAJ,624_UMANG_BAJAJ__902.pdf,902,2.61,1,UMANG_BAJAJ__906.pdf
625,UMESH CHAUHAN,625_UMESH_CHAUHAN__27.pdf,27,2.81,0,
626,UMESH RATHOR,626_UMESH_RATHOR__1665.pdf,1665,0.6,0,
627,VEER SINGH DHINGAN,627_VEER_SINGH_DHINGAN__1922.pdf,1922,8.56,2,VEER_SINGH_DHINGAN__1931.pdf; VEER_SINGH_DHINGAN__931.pdf
628,VICKY,628_VICKY__63.pdf,63,6.36,0,
629,VIDHAYAK VIRENDRA PRADHAN GURJAR,629_VIDHAYAK_VIRENDRA_PRADHAN_GURJAR__53.pdf,53,3.1,0,
630,VIDYA PATTI,630_VIDYA_PATTI__474.pdf,474,4.51,0,
631,VIJAY KR  AGGARWAL,631_VIJAY_KR__AGGARWAL__428.pdf,428,8.14,0,
632,VIJAY KUMAR,632_VIJAY_KUMAR__398.pdf,398,8.73,1,VIJAY_KUMAR__1504.pdf
633,VIJAY KUMAR JHA,633_VIJAY_KUMAR_JHA__1451.pdf,1451,5.42,0,
634,VIJAY KUMAR SHARMA,634_VIJAY_KUMAR_SHARMA__1051.pdf,1051,5.85,0,
635,VIJAY LAL TAMTA,635_VIJAY_LAL_TAMTA__1388.pdf,1388,3.89,0,
636,VIJENDER GUPTA,636_VIJENDER_GUPTA__142.pdf,142,4.79,3,VIJENDER_GUPTA__149.pdf; VIJENDER_GUPTA__144.pdf; VIJENDER_GUPTA__146.pdf
637,VIKAS,637_VIKAS__1237.pdf,1237,8.13,0,
638,VIKAS BAGGA CA,638_VIKAS_BAGGA_CA__290.pdf,290,7.99,0,
639,VIKAS BHARDWAJ,639_VIKAS_BHARDWAJ__158.pdf,158,4.97,0,
640,VIKAS TYAGI,640_VIKAS_TYAGI__604.pdf,604,3.51,0,
641,VIMAL KUMAR SAXENA,641_VIMAL_KUMAR_SAXENA__401.pdf,401,1.36,0,
642,VINAY CHAUDHARI,642_VINAY_CHAUDHARI__1506.pdf,1506,7.7,0,
643,VINAY MISHRA,643_VINAY_MISHRA__1206.pdf,1206,7.6,3,VINAY_MISHRA__1200.pdf; VINAY_MISHRA__808.pdf; VINAY_MISHRA__810.pdf
644,VINEET YADAV,644_VINEET_YADAV__1801.pdf,1801,1.39,0,
645,VINOD KAPOOR,645_VINOD_KAPOOR__1303.pdf,1303,4.32,0,
646,VINOD KUMAR CHAUHAN,646_VINOD_KUMAR_CHAUHAN__1375.pdf,1375,4.17,0,
647,VIRENDER,647_VIRENDER__970.pdf,970,2.05,0,
648,VIRENDER SINGH,648_VIRENDER_SINGH__1457.pdf,1457,5.25,0,
649,VIRENDER SINGH KADIAN,649_VIRENDER_SINGH_KADIAN__734.pdf,734,2.07,3,VIRENDER_SINGH_KADIAN__755.pdf; VIRENDER_SINGH_KADIAN__730.pdf; VIRENDER_SINGH_KADIAN__774.pdf
650,VISHAL,650_VISHAL__1405.pdf,1405,7.45,0,
651,VISHAL GUPTA,651_VISHAL_GUPTA__442.pdf,442,4.09,0,
652,VISHAL SAHNI,652_VISHAL_SAHNI__590.pdf,590,10.14,2,VISHAL_SAHNI__607.pdf; VISHAL_SAHNI__1074.pdf
653,VISHAL SANGWAN,653_VISHAL_SANGWAN__3.pdf,3,6.85,0,
654,VISHAL SHARMA,654_VISHAL_SHARMA__411.pdf,411,6.89,1,VISHAL_SHARMA__1026.pdf
655,VISHAL SINGH,655_VISHAL_SINGH__1137.pdf,1137,8.64,0,
656,VISHESH KUMAR,656_VISHESH_KUMAR__1578.pdf,1578,6.46,0,
657,VISHESH RAVI,657_VISHESH_RAVI__1012.pdf,1012,4.38,3,VISHESH_RAVI__493.pdf; VISHESH_RAVI__496.pdf; VISHESH_RAVI__320.pdf
658,VIVEK GIRI,658_VIVEK_GIRI__1798.pdf,1798,9.1,0,
659,WASIM AKRAM,659_WASIM_AKRAM__1268.pdf,1268,9.9,0,
660,YATENDER SHARMA,660_YATENDER_SHARMA__1815.pdf,1815,8.53,0,
661,YOGENDER,661_YOGENDER__1534.pdf,1534,8.3,0,
662,YOGENDER SINGH ALIAS YOGI MATHUR,662_YOGENDER_SINGH_ALIAS_YOGI_MATHUR__457.pdf,457,9.61,0,
663,YOGESHWAR SINGH BISHT,663_YOGESHWAR_SINGH_BISHT__667.pdf,667,4.83,0,
664,YOGESH KUMAR,664_YOGESH_KUMAR__1609.pdf,1609,7.46,0,
665,YOGESH KUMAR SHARMA,665_YOGESH_KUMAR_SHARMA__49.pdf,49,5.16,0,
666,YOGESH SWAMI,666_YOGESH_SWAMI__25.pdf,25,2.19,0,
667,YOGESH SWAMY,667_YOGESH_SWAMY__905.pdf,905,8.6,2,YOGESH_SWAMY__1359.pdf; YOGESH_SWAMY__61.pdf
668,ZAINUDDIN,668_ZAINUDDIN__1824.pdf,1824,4.07,0,
